link-href,title,genres,release_time,developer,publisher,description,price,reduced_price
https://store.steampowered.com/app/1222370/Necromunda_Hired_Gun/?snr=1_7_7_globaltopsellers_150_2,Necromunda: Hired Gun,"[{""genres"":""Action""},{""genres"":""Adventure""},{""genres"":""Warhammer 40K""},{""genres"":""Shooter""},{""genres"":""First-Person""},{""genres"":""Action-Adventure""},{""genres"":""Violent""},{""genres"":""Gore""},{""genres"":""FPS""},{""genres"":""Singleplayer""},{""genres"":""Combat""},{""genres"":""Games Workshop""},{""genres"":""Dog""}]","1 Jun, 2021",Streum On Studio,null,"Become a Hired Gun. The money’s good, the dog’s loyal, and the gun’s reliable. Embark on a fast-paced, violent, and thrilling FPS set in the darkest reaches of Warhammer 40,000’s most infamous hive city.",null,¥ 125.80
https://store.steampowered.com/app/582010/Monster_Hunter_World/?snr=1_7_7_globaltopsellers_150_1,Monster Hunter: World,"[{""genres"":""Co-op""},{""genres"":""Multiplayer""},{""genres"":""Action""},{""genres"":""Open World""},{""genres"":""RPG""},{""genres"":""Third Person""},{""genres"":""Character Customization""},{""genres"":""Adventure""},{""genres"":""Fantasy""},{""genres"":""Difficult""},{""genres"":""Singleplayer""},{""genres"":""Action RPG""},{""genres"":""Exploration""},{""genres"":""Great Soundtrack""},{""genres"":""Replay Value""},{""genres"":""Atmospheric""},{""genres"":""Hack and Slash""},{""genres"":""JRPG""},{""genres"":""Souls-like""},{""genres"":""MMORPG""}]","9 Aug, 2018","CAPCOM Co., Ltd.","CAPCOM Co., Ltd.","Welcome to a new world! In Monster Hunter: World, the latest installment in the series, you can enjoy the ultimate hunting experience, using everything at your disposal to hunt monsters in a new world teeming with surprises and excitement.",null,¥ 133
https://store.steampowered.com/app/1222730/STAR_WARS_Squadrons/?snr=1_7_7_globaltopsellers_150_2,STAR WARS™: Squadrons,"[{""genres"":""Flight""},{""genres"":""Space""},{""genres"":""Multiplayer""},{""genres"":""VR""},{""genres"":""Sci-fi""},{""genres"":""Singleplayer""},{""genres"":""Action""},{""genres"":""Simulation""},{""genres"":""First-Person""},{""genres"":""PvP""},{""genres"":""Online Co-Op""},{""genres"":""Spaceships""},{""genres"":""Co-op""},{""genres"":""Shooter""},{""genres"":""Controller""},{""genres"":""Space Sim""},{""genres"":""Adventure""},{""genres"":""Female Protagonist""},{""genres"":""Strategy""},{""genres"":""Open World""}]","1 Oct, 2020",MOTIVE,Electronic Arts,"Master the art of starfighter combat in the authentic piloting experience STAR WARS™: Squadrons. Feel the adrenaline of first-person multiplayer space dogfights alongside your squadron, and buckle up in a thrilling STAR WARS™ story.",null,¥ 79
https://store.steampowered.com/app/892970/Valheim/?snr=1_7_7_globaltopsellers_150_1,Valheim,"[{""genres"":""Open World Survival Craft""},{""genres"":""Survival""},{""genres"":""Online Co-Op""},{""genres"":""Open World""},{""genres"":""Crafting""},{""genres"":""Building""},{""genres"":""Exploration""},{""genres"":""Multiplayer""},{""genres"":""Co-op""},{""genres"":""Base Building""},{""genres"":""Mythology""},{""genres"":""Sandbox""},{""genres"":""Adventure""},{""genres"":""Sailing""},{""genres"":""RPG""},{""genres"":""Early Access""},{""genres"":""Action""},{""genres"":""Indie""},{""genres"":""PvP""},{""genres"":""Fishing""}]","2 Feb, 2021",Iron Gate AB,Coffee Stain Publishing,"A brutal exploration and survival game for 1-10 players, set in a procedurally-generated purgatory inspired by viking culture. Battle, build, and conquer your way to a saga worthy of Odin’s patronage!",¥ 70,null
https://store.steampowered.com/app/1233590/Warhammer_Age_of_Sigmar_Storm_Ground/?snr=1_7_7_globaltopsellers_150_2,Warhammer Age of Sigmar: Storm Ground,"[{""genres"":""Strategy""},{""genres"":""Turn-Based Strategy""},{""genres"":""Fantasy""},{""genres"":""Turn-Based Tactics""},{""genres"":""Top-Down""},{""genres"":""PvP""},{""genres"":""Games Workshop""},{""genres"":""Multiplayer""},{""genres"":""Singleplayer""},{""genres"":""Roguelite""},{""genres"":""Roguelike""},{""genres"":""Warhammer 40K""}]","26 May, 2021",Gasket Games,null,"Conquer the Mortal Realms! The first strategy videogame adaptation of Age of Sigmar’s dark-fantasy universe. Lead your highly-customisable force in challenging roguelike campaigns, unlocking new units, equipment and skills in dynamic, turn-based warfare.",null,¥ 125.80
https://store.steampowered.com/app/284160/BeamNGdrive/?snr=1_7_7_globaltopsellers_150_1,BeamNG.drive,"[{""genres"":""Simulation""},{""genres"":""Driving""},{""genres"":""Destruction""},{""genres"":""Physics""},{""genres"":""Automobile Sim""},{""genres"":""Realistic""},{""genres"":""Open World""},{""genres"":""Racing""},{""genres"":""Sandbox""},{""genres"":""Moddable""},{""genres"":""Singleplayer""},{""genres"":""Early Access""},{""genres"":""Exploration""},{""genres"":""First-Person""},{""genres"":""Funny""},{""genres"":""Third Person""},{""genres"":""Action""},{""genres"":""Adventure""},{""genres"":""Flight""},{""genres"":""Arcade""}]","29 May, 2015",BeamNG,BeamNG,A dynamic soft-body physics vehicle simulator capable of doing just about anything.,null,¥ 64
https://store.steampowered.com/app/12210/Grand_Theft_Auto_IV_The_Complete_Edition/?snr=1_7_7_globaltopsellers_150_2,Grand Theft Auto IV: The Complete Edition,"[{""genres"":""Open World""},{""genres"":""Action""},{""genres"":""Automobile Sim""},{""genres"":""Multiplayer""},{""genres"":""Third Person""},{""genres"":""Crime""},{""genres"":""Adventure""},{""genres"":""Singleplayer""},{""genres"":""Third-Person Shooter""},{""genres"":""Sandbox""},{""genres"":""Moddable""},{""genres"":""Shooter""},{""genres"":""Physics""},{""genres"":""Atmospheric""},{""genres"":""Funny""},{""genres"":""Classic""},{""genres"":""Dark Humor""},{""genres"":""Gore""},{""genres"":""Co-op""},{""genres"":""Satire""}]","24 Mar, 2020",Rockstar North,Rockstar Games,"Niko Bellic, Johnny Klebitz and Luis Lopez all have one thing in common - they live in the worst city in America. Liberty City worships money and status, and is heaven for those who have them and a living nightmare for those who don't.",null,¥ 29
https://store.steampowered.com/app/1426210/It_Takes_Two/?snr=1_7_7_globaltopsellers_150_1,It Takes Two,"[{""genres"":""Co-op""},{""genres"":""Adventure""},{""genres"":""Split Screen""},{""genres"":""Puzzle""},{""genres"":""Puzzle Platformer""},{""genres"":""3D Platformer""},{""genres"":""Platformer""},{""genres"":""Story Rich""},{""genres"":""Action-Adventure""},{""genres"":""Local Co-Op""},{""genres"":""Female Protagonist""},{""genres"":""Action""},{""genres"":""Multiplayer""},{""genres"":""Co-op Campaign""},{""genres"":""Atmospheric""},{""genres"":""Local Multiplayer""},{""genres"":""Emotional""},{""genres"":""Online Co-Op""},{""genres"":""Exploration""},{""genres"":""Minigames""}]","25 Mar, 2021",Hazelight,Electronic Arts,Embark on the craziest journey of your life in It Takes Two. Invite a friend to join for free with Friend’s Pass and work together across a huge variety of gleefully disruptive gameplay challenges.,It Takes Two Friend's Pass,null
https://store.steampowered.com/app/251570/7_Days_to_Die/?snr=1_7_7_globaltopsellers_150_1,7 Days to Die,"[{""genres"":""Early Access""},{""genres"":""Survival""},{""genres"":""Voxel""},{""genres"":""Zombies""},{""genres"":""Post-apocalyptic""},{""genres"":""Open World""},{""genres"":""Open World Survival Craft""},{""genres"":""Simulation""},{""genres"":""Exploration""},{""genres"":""Base Building""},{""genres"":""Strategy""},{""genres"":""Multiplayer""},{""genres"":""Procedural Generation""},{""genres"":""Tower Defense""},{""genres"":""Character Customization""},{""genres"":""Online Co-Op""},{""genres"":""Sandbox""},{""genres"":""Building""},{""genres"":""FPS""},{""genres"":""Action""}]","13 Dec, 2013",The Fun Pimps,The Fun Pimps Entertainment LLC,"7 Days to Die is an open-world game that is a unique combination of first person shooter, survival horror, tower defense, and role-playing games. Play the definitive zombie survival sandbox RPG that came first. Navezgane awaits!",null,¥ 23
https://store.steampowered.com/app/1096530/Solasta_Crown_of_the_Magister/?snr=1_7_7_globaltopsellers_150_1,Solasta: Crown of the Magister,"[{""genres"":""RPG""},{""genres"":""Dungeons & Dragons""},{""genres"":""Choices Matter""},{""genres"":""Early Access""},{""genres"":""Tactical""},{""genres"":""Character Customization""},{""genres"":""Fantasy""},{""genres"":""Party-Based RPG""},{""genres"":""CRPG""},{""genres"":""Tactical RPG""},{""genres"":""Story Rich""},{""genres"":""Turn-Based Tactics""},{""genres"":""Top-Down""},{""genres"":""3D""},{""genres"":""Dragons""},{""genres"":""Singleplayer""},{""genres"":""Team-Based""},{""genres"":""Strategy""},{""genres"":""Turn-Based Strategy""},{""genres"":""Turn-Based Combat""},{""genres"":""RPG""},{""genres"":""Singleplayer""},{""genres"":""Story Rich""},{""genres"":""Strategy""}]","27 May, 2021",Tactical Adventures,Tactical Adventures,"Roll for initiative, take attacks of opportunity, manage player location and the verticality of the battle field in this upcoming Turn-Based Tactical RPG based on the SRD 5.1 Ruleset. In Solasta, you make the choices, dice decide your destiny.",null,¥ 103
https://store.steampowered.com/app/518790/theHunter_Call_of_the_Wild/?snr=1_7_7_globaltopsellers_150_2,theHunter: Call of the Wild™,"[{""genres"":""Hunting""},{""genres"":""Open World""},{""genres"":""Multiplayer""},{""genres"":""Simulation""},{""genres"":""First-Person""},{""genres"":""Shooter""},{""genres"":""Adventure""},{""genres"":""Realistic""},{""genres"":""Survival""},{""genres"":""Co-op""},{""genres"":""FPS""},{""genres"":""Action""},{""genres"":""Singleplayer""},{""genres"":""Walking Simulator""},{""genres"":""Atmospheric""},{""genres"":""Online Co-Op""},{""genres"":""Sports""},{""genres"":""Combat""},{""genres"":""Strategy""},{""genres"":""Gore""}]","16 Feb, 2017",Expansive Worlds,Expansive Worlds,"Experience an atmospheric hunting game like no other in this realistic and visually breathtaking open world. Immerse yourself in the atmospheric single player campaign, or share the ultimate hunting experience with friends.",null,¥ 21
https://store.steampowered.com/app/739630/Phasmophobia/?snr=1_7_7_globaltopsellers_150_1,Phasmophobia,"[{""genres"":""Horror""},{""genres"":""Online Co-Op""},{""genres"":""Multiplayer""},{""genres"":""Psychological Horror""},{""genres"":""Co-op""},{""genres"":""Supernatural""},{""genres"":""VR""},{""genres"":""First-Person""},{""genres"":""Investigation""},{""genres"":""Dark""},{""genres"":""Mystery""},{""genres"":""Detective""},{""genres"":""Demons""},{""genres"":""Early Access""},{""genres"":""Thriller""},{""genres"":""Indie""},{""genres"":""3D""},{""genres"":""Action""},{""genres"":""Tactical""},{""genres"":""Lovecraftian""}]","18 Sep, 2020",Kinetic Games,Kinetic Games,Phasmophobia is a 4 player online co-op psychological horror. Paranormal activity is on the rise and it’s up to you and your team to use all the ghost hunting equipment at your disposal in order to gather as much evidence as you can.,¥ 47,null
https://store.steampowered.com/app/848450/Subnautica_Below_Zero/?snr=1_7_7_globaltopsellers_150_1,Subnautica: Below Zero,"[{""genres"":""Open World Survival Craft""},{""genres"":""Survival""},{""genres"":""Underwater""},{""genres"":""Open World""},{""genres"":""Singleplayer""},{""genres"":""Exploration""},{""genres"":""Adventure""},{""genres"":""Base Building""},{""genres"":""Horror""},{""genres"":""Crafting""},{""genres"":""First-Person""},{""genres"":""Early Access""},{""genres"":""Aliens""},{""genres"":""Survival Horror""},{""genres"":""Sci-fi""},{""genres"":""Atmospheric""},{""genres"":""Story Rich""},{""genres"":""Sandbox""},{""genres"":""Great Soundtrack""},{""genres"":""Multiplayer""}]","13 May, 2021",Unknown Worlds Entertainment,Unknown Worlds Entertainment,"Dive into a freezing underwater adventure on an alien planet. Below Zero is set two years after the original Subnautica. Return to Planet 4546B to uncover the truth behind a deadly cover-up. Survive by building habitats, crafting tools, & diving deeper into the world of Subnautica.",¥ 99,null
https://store.steampowered.com/app/242760/The_Forest/?snr=1_7_7_globaltopsellers_150_1,The Forest,"[{""genres"":""Open World Survival Craft""},{""genres"":""Survival""},{""genres"":""Open World""},{""genres"":""Horror""},{""genres"":""Crafting""},{""genres"":""Adventure""},{""genres"":""Building""},{""genres"":""Survival Horror""},{""genres"":""First-Person""},{""genres"":""Action""},{""genres"":""Exploration""},{""genres"":""Sandbox""},{""genres"":""Atmospheric""},{""genres"":""Simulation""},{""genres"":""Singleplayer""},{""genres"":""Indie""},{""genres"":""Realistic""},{""genres"":""Gore""},{""genres"":""Early Access""},{""genres"":""Zombies""}]","30 Apr, 2018",Endnight Games Ltd,Endnight Games Ltd,"As the lone survivor of a passenger jet crash, you find yourself in a mysterious forest battling to stay alive against a society of cannibalistic mutants. Build, explore, survive in this terrifying first person survival horror simulator.",null,¥ 31
https://store.steampowered.com/app/881100/Noita/?snr=1_7_7_globaltopsellers_150_2,Noita,"[{""genres"":""Difficult""},{""genres"":""Roguelike""},{""genres"":""Dungeon Crawler""},{""genres"":""Physics""},{""genres"":""Action""},{""genres"":""Indie""},{""genres"":""RPG""},{""genres"":""Action Roguelike""},{""genres"":""Open World""},{""genres"":""Roguelite""},{""genres"":""Perma Death""},{""genres"":""Sandbox""},{""genres"":""2D""},{""genres"":""2D Platformer""},{""genres"":""Action-Adventure""},{""genres"":""Gun Customization""},{""genres"":""Dark Humor""},{""genres"":""Mythology""},{""genres"":""Crafting""},{""genres"":""Pixel Graphics""}]","15 Oct, 2020",Nolla Games,Nolla Games,"Noita is a magical action roguelite set in a world where every pixel is physically simulated. Fight, explore, melt, burn, freeze and evaporate your way through the procedurally generated world using spells you've created yourself.",null,¥ 49
https://store.steampowered.com/app/1091500/Cyberpunk_2077/?snr=1_7_7_globaltopsellers_150_1,Cyberpunk 2077,"[{""genres"":""Cyberpunk""},{""genres"":""Open World""},{""genres"":""RPG""},{""genres"":""Sci-fi""},{""genres"":""Futuristic""},{""genres"":""Singleplayer""},{""genres"":""FPS""},{""genres"":""First-Person""},{""genres"":""Atmospheric""},{""genres"":""Nudity""},{""genres"":""Exploration""},{""genres"":""Story Rich""},{""genres"":""Mature""},{""genres"":""Action""},{""genres"":""Violent""},{""genres"":""Great Soundtrack""},{""genres"":""Action RPG""},{""genres"":""Adventure""},{""genres"":""Immersive Sim""},{""genres"":""Character Customization""}]","9 Dec, 2020",CD PROJEKT RED,CD PROJEKT RED,"Cyberpunk 2077 is an open-world, action-adventure story set in Night City, a megalopolis obsessed with power, glamour and body modification. You play as V, a mercenary outlaw going after a one-of-a-kind implant that is the key to immortality.",null,¥ 238
https://store.steampowered.com/app/513710/SCUM/?snr=1_7_7_globaltopsellers_150_2,SCUM,"[{""genres"":""Survival""},{""genres"":""Open World Survival Craft""},{""genres"":""Multiplayer""},{""genres"":""Open World""},{""genres"":""Zombies""},{""genres"":""Massively Multiplayer""},{""genres"":""Action""},{""genres"":""Early Access""},{""genres"":""Adventure""},{""genres"":""Crafting""},{""genres"":""Realistic""},{""genres"":""Nudity""},{""genres"":""Violent""},{""genres"":""FPS""},{""genres"":""Singleplayer""},{""genres"":""Indie""},{""genres"":""PvP""},{""genres"":""Third Person""},{""genres"":""Gore""},{""genres"":""RPG""}]","29 Aug, 2018",Gamepires,Gamepires,"SCUM aims to evolve the multiplayer open world survival game with unprecedented levels of character customization, control and progression, where knowledge and skills are the ultimate weapons for long-term survival.",null,¥ 77.40
https://store.steampowered.com/app/812140/Assassins_Creed_Odyssey/?snr=1_7_7_globaltopsellers_150_1,Assassin's Creed® Odyssey,"[{""genres"":""Open World""},{""genres"":""RPG""},{""genres"":""Assassin""},{""genres"":""Singleplayer""},{""genres"":""Action""},{""genres"":""Adventure""},{""genres"":""Historical""},{""genres"":""Stealth""},{""genres"":""Story Rich""},{""genres"":""Female Protagonist""},{""genres"":""Parkour""},{""genres"":""Third Person""},{""genres"":""Sexual Content""},{""genres"":""Choices Matter""},{""genres"":""Violent""},{""genres"":""Multiplayer""},{""genres"":""Atmospheric""},{""genres"":""Nudity""},{""genres"":""Great Soundtrack""},{""genres"":""Gore""}]","5 Oct, 2018",Ubisoft Quebec,Ubisoft,"Choose your fate in Assassin's Creed® Odyssey. From outcast to living legend, embark on an odyssey to uncover the secrets of your past and change the fate of Ancient Greece.",null,¥ 74
https://store.steampowered.com/app/252490/Rust/?snr=1_7_7_globaltopsellers_150_1,Rust,"[{""genres"":""Survival""},{""genres"":""Crafting""},{""genres"":""Multiplayer""},{""genres"":""Open World""},{""genres"":""Open World Survival Craft""},{""genres"":""Building""},{""genres"":""Sandbox""},{""genres"":""PvP""},{""genres"":""Adventure""},{""genres"":""First-Person""},{""genres"":""Action""},{""genres"":""FPS""},{""genres"":""Nudity""},{""genres"":""Co-op""},{""genres"":""Shooter""},{""genres"":""Online Co-Op""},{""genres"":""Indie""},{""genres"":""Early Access""},{""genres"":""Post-apocalyptic""},{""genres"":""Simulation""}]","8 Feb, 2018",Facepunch Studios,Facepunch Studios,"The only aim in Rust is to survive - Overcome struggles such as hunger, thirst and cold. Build a fire. Build a shelter. Kill animals. Protect yourself from other players.",null,¥ 77
https://store.steampowered.com/app/1293830/Forza_Horizon_4/?snr=1_7_7_globaltopsellers_150_2,Forza Horizon 4,"[{""genres"":""Racing""},{""genres"":""Open World""},{""genres"":""Driving""},{""genres"":""Multiplayer""},{""genres"":""Online Co-Op""},{""genres"":""Singleplayer""},{""genres"":""Automobile Sim""},{""genres"":""Adventure""},{""genres"":""Realistic""},{""genres"":""PvP""},{""genres"":""Action""},{""genres"":""Arcade""},{""genres"":""Exploration""},{""genres"":""Simulation""},{""genres"":""Sports""},{""genres"":""Atmospheric""},{""genres"":""First-Person""},{""genres"":""Great Soundtrack""},{""genres"":""Funny""},{""genres"":""Controller""}]","9 Mar, 2021",Playground Games,Xbox Game Studios,Dynamic seasons change everything at the world’s greatest automotive festival. Go it alone or team up with others to explore beautiful and historic Britain in a shared open world.,¥ 188,null
https://store.steampowered.com/app/457140/Oxygen_Not_Included/?snr=1_7_7_globaltopsellers_150_2,Oxygen Not Included,"[{""genres"":""Colony Sim""},{""genres"":""Base Building""},{""genres"":""Survival""},{""genres"":""Resource Management""},{""genres"":""Building""},{""genres"":""Singleplayer""},{""genres"":""Simulation""},{""genres"":""Management""},{""genres"":""2D""},{""genres"":""Sandbox""},{""genres"":""Strategy""},{""genres"":""Space""},{""genres"":""Indie""},{""genres"":""Sci-fi""},{""genres"":""Exploration""},{""genres"":""Open World""},{""genres"":""Difficult""},{""genres"":""Early Access""},{""genres"":""Adventure""},{""genres"":""Space Sim""}]","30 Jul, 2019",Klei Entertainment,Klei Entertainment,"Oxygen Not Included is a space-colony simulation game. Deep inside an alien space rock your industrious crew will need to master science, overcome strange new lifeforms, and harness incredible space tech to survive, and possibly, thrive.",null,¥ 23
https://store.steampowered.com/app/1118010/Monster_Hunter_World_Iceborne/?snr=1_7_7_globaltopsellers_150_2,Monster Hunter World: Iceborne,"[{""genres"":""Action""},{""genres"":""Multiplayer""},{""genres"":""Open World""},{""genres"":""Co-op""},{""genres"":""Hunting""},{""genres"":""Difficult""},{""genres"":""Third Person""},{""genres"":""Singleplayer""},{""genres"":""Online Co-Op""},{""genres"":""Adventure""},{""genres"":""Character Customization""},{""genres"":""RPG""},{""genres"":""Exploration""},{""genres"":""Dragons""},{""genres"":""Hack and Slash""},{""genres"":""JRPG""},{""genres"":""Story Rich""},{""genres"":""Souls-like""},{""genres"":""MMORPG""},{""genres"":""PvE""}]","9 Jan, 2020","CAPCOM Co., Ltd.","CAPCOM Co., Ltd.",null,null,¥ 168
https://store.steampowered.com/app/413150/Stardew_Valley/?snr=1_7_7_globaltopsellers_150_2,Stardew Valley,"[{""genres"":""Farming Sim""},{""genres"":""Life Sim""},{""genres"":""RPG""},{""genres"":""Pixel Graphics""},{""genres"":""Agriculture""},{""genres"":""Simulation""},{""genres"":""Multiplayer""},{""genres"":""Relaxing""},{""genres"":""Crafting""},{""genres"":""Sandbox""},{""genres"":""Indie""},{""genres"":""Building""},{""genres"":""Singleplayer""},{""genres"":""Casual""},{""genres"":""Open World""},{""genres"":""2D""},{""genres"":""Great Soundtrack""},{""genres"":""Cute""},{""genres"":""Dating Sim""},{""genres"":""Fishing""}]","26 Feb, 2016",ConcernedApe,ConcernedApe,"You've inherited your grandfather's old farm plot in Stardew Valley. Armed with hand-me-down tools and a few coins, you set out to begin your new life. Can you learn to live off the land and turn these overgrown fields into a thriving home?",¥ 48,null
https://store.steampowered.com/app/105600/Terraria/?snr=1_7_7_globaltopsellers_150_1,Terraria,"[{""genres"":""Open World Survival Craft""},{""genres"":""Sandbox""},{""genres"":""Survival""},{""genres"":""2D""},{""genres"":""Multiplayer""},{""genres"":""Adventure""},{""genres"":""Crafting""},{""genres"":""Building""},{""genres"":""Pixel Graphics""},{""genres"":""Exploration""},{""genres"":""Co-op""},{""genres"":""Open World""},{""genres"":""Indie""},{""genres"":""Online Co-Op""},{""genres"":""Action""},{""genres"":""RPG""},{""genres"":""Singleplayer""},{""genres"":""Replay Value""},{""genres"":""Platformer""},{""genres"":""Atmospheric""}]","16 May, 2011",Re-Logic,Re-Logic,"Dig, fight, explore, build! Nothing is impossible in this action-packed adventure game. Four Pack also available!",null,¥ 18
https://store.steampowered.com/app/1328670/Mass_Effect_Legendary_Edition/?snr=1_7_7_globaltopsellers_150_1,Mass Effect™ Legendary Edition,"[{""genres"":""RPG""},{""genres"":""Story Rich""},{""genres"":""Action""},{""genres"":""Sci-fi""},{""genres"":""Choices Matter""},{""genres"":""Action RPG""},{""genres"":""Third-Person Shooter""},{""genres"":""Singleplayer""},{""genres"":""Space""},{""genres"":""Shooter""},{""genres"":""Great Soundtrack""},{""genres"":""Tactical RPG""},{""genres"":""Military""},{""genres"":""Sexual Content""},{""genres"":""Character Customization""},{""genres"":""Combat""},{""genres"":""Atmospheric""},{""genres"":""Classic""},{""genres"":""Nudity""},{""genres"":""Female Protagonist""}]","14 May, 2021",BioWare,null,"The Mass Effect™ Legendary Edition includes single-player base content and over 40 DLC from the highly acclaimed Mass Effect, Mass Effect 2, and Mass Effect 3 games, including promo weapons, armors, and packs — remastered and optimized for 4K Ultra HD.",¥ 248,null
https://store.steampowered.com/app/275850/No_Mans_Sky/?snr=1_7_7_globaltopsellers_150_1,No Man's Sky,"[{""genres"":""Open World""},{""genres"":""Open World Survival Craft""},{""genres"":""Space""},{""genres"":""Exploration""},{""genres"":""Sci-fi""},{""genres"":""Survival""},{""genres"":""Procedural Generation""},{""genres"":""Adventure""},{""genres"":""First-Person""},{""genres"":""Singleplayer""},{""genres"":""Sandbox""},{""genres"":""Atmospheric""},{""genres"":""Crafting""},{""genres"":""Multiplayer""},{""genres"":""Space Sim""},{""genres"":""Indie""},{""genres"":""Action""},{""genres"":""Simulation""},{""genres"":""FPS""},{""genres"":""Great Soundtrack""}]","12 Aug, 2016",Hello Games,Hello Games,No Man's Sky is a game about exploration and survival in an infinite procedurally generated universe.,null,¥ 69
https://store.steampowered.com/app/526870/Satisfactory/?snr=1_7_7_globaltopsellers_150_1,Satisfactory,"[{""genres"":""Base Building""},{""genres"":""Open World""},{""genres"":""Automation""},{""genres"":""Multiplayer""},{""genres"":""Crafting""},{""genres"":""Co-op""},{""genres"":""Resource Management""},{""genres"":""Building""},{""genres"":""Sandbox""},{""genres"":""Exploration""},{""genres"":""Adventure""},{""genres"":""Simulation""},{""genres"":""Strategy""},{""genres"":""Early Access""},{""genres"":""Indie""},{""genres"":""Open World Survival Craft""},{""genres"":""Survival""},{""genres"":""First-Person""},{""genres"":""Singleplayer""},{""genres"":""Sci-fi""}]","8 Jun, 2020",Coffee Stain Studios,Coffee Stain Publishing,"Satisfactory is a first-person open-world factory building game with a dash of exploration and combat. Play alone or with friends, explore an alien planet, create multi-story factories, and enter conveyor belt heaven!",null,¥ 79
https://store.steampowered.com/app/1097150/Fall_Guys_Ultimate_Knockout/?snr=1_7_7_globaltopsellers_150_2,Fall Guys: Ultimate Knockout,"[{""genres"":""Multiplayer""},{""genres"":""Funny""},{""genres"":""Battle Royale""},{""genres"":""Online Co-Op""},{""genres"":""Family Friendly""},{""genres"":""Party Game""},{""genres"":""Comedy""},{""genres"":""Cute""},{""genres"":""Casual""},{""genres"":""Physics""},{""genres"":""Massively Multiplayer""},{""genres"":""Colorful""},{""genres"":""3D Platformer""},{""genres"":""Indie""},{""genres"":""Co-op""},{""genres"":""Action""},{""genres"":""Controller""},{""genres"":""Great Soundtrack""},{""genres"":""Difficult""},{""genres"":""Local Co-Op""}]","4 Aug, 2020",Mediatonic,null,Fall Guys is a massively multiplayer party game with up to 60 players online in a free-for-all struggle through round after round of escalating chaos until one victor remains!,¥ 58,Your Price:¥ 154.86
https://store.steampowered.com/app/1222680/Need_for_Speed_Heat/?snr=1_7_7_globaltopsellers_150_1,Need for Speed™ Heat,"[{""genres"":""Racing""},{""genres"":""Open World""},{""genres"":""Multiplayer""},{""genres"":""Driving""},{""genres"":""Action""},{""genres"":""Adventure""},{""genres"":""Singleplayer""},{""genres"":""Co-op""},{""genres"":""Atmospheric""},{""genres"":""Combat Racing""},{""genres"":""Third Person""},{""genres"":""Sports""},{""genres"":""Arcade""},{""genres"":""First-Person""},{""genres"":""Online Co-Op""},{""genres"":""PvP""},{""genres"":""Split Screen""},{""genres"":""Character Customization""},{""genres"":""Destruction""},{""genres"":""Sexual Content""}]","8 Nov, 2019",Ghost Games,Electronic Arts,"Hustle by day and risk it all at night in Need for Speed™ Heat Deluxe Edition, a white-knuckle street racer, where the lines of the law fade as the sun starts to set.",null,¥ 57
https://store.steampowered.com/app/552520/Far_Cry_5/?snr=1_7_7_globaltopsellers_150_1,Far Cry® 5,"[{""genres"":""Open World""},{""genres"":""Co-op""},{""genres"":""Action""},{""genres"":""FPS""},{""genres"":""Multiplayer""},{""genres"":""Adventure""},{""genres"":""Shooter""},{""genres"":""Singleplayer""},{""genres"":""First-Person""},{""genres"":""Survival""},{""genres"":""Story Rich""},{""genres"":""Stealth""},{""genres"":""America""},{""genres"":""Hunting""},{""genres"":""Exploration""},{""genres"":""Atmospheric""},{""genres"":""Character Customization""},{""genres"":""Great Soundtrack""},{""genres"":""Sexual Content""},{""genres"":""Nudity""}]","26 Mar, 2018",Ubisoft Montreal,Ubisoft,"Welcome to Hope County, Montana, home to a fanatical doomsday cult known as Eden’s Gate. Stand up to cult leader Joseph Seed & his siblings, the Heralds, to spark the fires of resistance & liberate the besieged community.",null,¥ 44
https://store.steampowered.com/app/648800/Raft/?snr=1_7_7_globaltopsellers_150_1,Raft,"[{""genres"":""Survival""},{""genres"":""Open World Survival Craft""},{""genres"":""Multiplayer""},{""genres"":""Co-op""},{""genres"":""Crafting""},{""genres"":""Open World""},{""genres"":""Building""},{""genres"":""Base Building""},{""genres"":""Adventure""},{""genres"":""Online Co-Op""},{""genres"":""Sandbox""},{""genres"":""Early Access""},{""genres"":""First-Person""},{""genres"":""Singleplayer""},{""genres"":""Underwater""},{""genres"":""Simulation""},{""genres"":""Action""},{""genres"":""Indie""},{""genres"":""Strategy""},{""genres"":""Massively Multiplayer""}]","23 May, 2018",Redbeet Interactive,Axolot Games,"Raft throws you and your friends into an epic oceanic adventure! Alone or together, players battle to survive a perilous voyage across a vast sea! Gather debris, scavenge reefs and build your own floating home, but be wary of the man-eating sharks!",null,¥ 45
https://store.steampowered.com/app/629820/Maneater/?snr=1_7_7_globaltopsellers_150_1,Maneater,"[{""genres"":""Dark Humor""},{""genres"":""Nature""},{""genres"":""Underwater""},{""genres"":""Open World""},{""genres"":""Action RPG""},{""genres"":""Singleplayer""},{""genres"":""Exploration""},{""genres"":""Narration""},{""genres"":""Third Person""},{""genres"":""Violent""},{""genres"":""Female Protagonist""},{""genres"":""Action-Adventure""},{""genres"":""RPG""},{""genres"":""Action""},{""genres"":""Simulation""},{""genres"":""Gore""},{""genres"":""Atmospheric""},{""genres"":""Adventure""},{""genres"":""Satire""},{""genres"":""Indie""}]","25 May, 2021",Tripwire Interactive,null,"Experience the ultimate power fantasy as the apex predator of the seas - a giant Shark! Terrorize the coastal waterways. Tear swimmers and divers limb from limb, give the humans a reason to fear you!",null,¥ 98
https://store.steampowered.com/app/433340/Slime_Rancher/?snr=1_7_7_globaltopsellers_150_2,Slime Rancher,"[{""genres"":""Cute""},{""genres"":""Exploration""},{""genres"":""Adventure""},{""genres"":""Singleplayer""},{""genres"":""First-Person""},{""genres"":""Open World""},{""genres"":""Colorful""},{""genres"":""Funny""},{""genres"":""Sandbox""},{""genres"":""Simulation""},{""genres"":""Casual""},{""genres"":""Fantasy""},{""genres"":""Management""},{""genres"":""Indie""},{""genres"":""Great Soundtrack""},{""genres"":""Family Friendly""},{""genres"":""Early Access""},{""genres"":""Female Protagonist""},{""genres"":""Action""},{""genres"":""FPS""}]","1 Aug, 2017",Monomi Park,Monomi Park,"Slime Rancher is the tale of Beatrix LeBeau, a plucky, young rancher who sets out for a life a thousand light years away from Earth on the ‘Far, Far Range’ where she tries her hand at making a living wrangling slimes.",null,¥ 20
https://store.steampowered.com/app/1222690/Dragon_Age_Inquisition/?snr=1_7_7_globaltopsellers_150_2,Dragon Age™ Inquisition,"[{""genres"":""RPG""},{""genres"":""Open World""},{""genres"":""Fantasy""},{""genres"":""Singleplayer""},{""genres"":""Story Rich""},{""genres"":""Character Customization""},{""genres"":""Action""},{""genres"":""Choices Matter""},{""genres"":""Adventure""},{""genres"":""Strategy""},{""genres"":""Sexual Content""},{""genres"":""Female Protagonist""},{""genres"":""Third Person""},{""genres"":""Great Soundtrack""},{""genres"":""Dragons""},{""genres"":""Action RPG""},{""genres"":""Atmospheric""},{""genres"":""Nudity""},{""genres"":""Combat""},{""genres"":""CRPG""}]","18 Nov, 2014",BioWare,Electronic Arts,"Winner of over 130 Game of the Year awards, discover the definitive Dragon Age: Inquisition experience. The Game of the Year Edition includes the critically acclaimed game, all three official add-ons - Jaws of Hakkon, The Descent, and Trespasser - and more.",null,¥ 29
https://store.steampowered.com/app/617290/Remnant_From_the_Ashes/?snr=1_7_7_globaltopsellers_150_2,Remnant: From the Ashes,"[{""genres"":""Souls-like""},{""genres"":""Action""},{""genres"":""RPG""},{""genres"":""Adventure""},{""genres"":""Co-op""},{""genres"":""Third-Person Shooter""},{""genres"":""Multiplayer""},{""genres"":""Online Co-Op""},{""genres"":""Shooter""},{""genres"":""Post-apocalyptic""},{""genres"":""Survival""},{""genres"":""Difficult""},{""genres"":""Singleplayer""},{""genres"":""Lovecraftian""},{""genres"":""Violent""},{""genres"":""Dark Fantasy""},{""genres"":""Replay Value""},{""genres"":""Horror""},{""genres"":""Procedural Generation""},{""genres"":""Atmospheric""}]","19 Aug, 2019",Gunfire Games,Perfect World Entertainment,"The world has been thrown into chaos by an ancient evil from another dimension. As one of the last remnants of humanity, you must set out alone or alongside up to two other survivors to face down hordes of deadly enemies to try to carve a foothold, rebuild, and retake what was lost.",null,¥ 56
https://store.steampowered.com/app/264710/Subnautica/?snr=1_7_7_globaltopsellers_150_2,Subnautica,"[{""genres"":""Open World Survival Craft""},{""genres"":""Survival""},{""genres"":""Open World""},{""genres"":""Exploration""},{""genres"":""Underwater""},{""genres"":""Crafting""},{""genres"":""Base Building""},{""genres"":""Horror""},{""genres"":""Singleplayer""},{""genres"":""Adventure""},{""genres"":""First-Person""},{""genres"":""Sci-fi""},{""genres"":""Sandbox""},{""genres"":""Aliens""},{""genres"":""Atmospheric""},{""genres"":""Survival Horror""},{""genres"":""Action""},{""genres"":""Early Access""},{""genres"":""Indie""},{""genres"":""Multiplayer""}]","23 Jan, 2018",Unknown Worlds Entertainment,Unknown Worlds Entertainment,"Descend into the depths of an alien underwater world filled with wonder and peril. Craft equipment, pilot submarines and out-smart wildlife to explore lush coral reefs, volcanoes, cave systems, and more - all while trying to survive.",¥ 99,null
https://store.steampowered.com/app/227300/Euro_Truck_Simulator_2/?snr=1_7_7_globaltopsellers_150_2,Euro Truck Simulator 2,"[{""genres"":""Simulation""},{""genres"":""Driving""},{""genres"":""Automobile Sim""},{""genres"":""Open World""},{""genres"":""Realistic""},{""genres"":""Relaxing""},{""genres"":""Singleplayer""},{""genres"":""Moddable""},{""genres"":""Exploration""},{""genres"":""First-Person""},{""genres"":""Economy""},{""genres"":""Atmospheric""},{""genres"":""Adventure""},{""genres"":""Indie""},{""genres"":""Management""},{""genres"":""Casual""},{""genres"":""TrackIR""},{""genres"":""Sandbox""},{""genres"":""Racing""},{""genres"":""RPG""}]","18 Oct, 2012",SCS Software,SCS Software,"Travel across Europe as king of the road, a trucker who delivers important cargo across impressive distances! With dozens of cities to explore, your endurance, skill and speed will all be pushed to their limits.",null,¥ 24
https://store.steampowered.com/app/306130/The_Elder_Scrolls_Online/?snr=1_7_7_globaltopsellers_150_2,The Elder Scrolls® Online,"[{""genres"":""RPG""},{""genres"":""MMORPG""},{""genres"":""Open World""},{""genres"":""Massively Multiplayer""},{""genres"":""Multiplayer""},{""genres"":""Fantasy""},{""genres"":""Adventure""},{""genres"":""First-Person""},{""genres"":""Exploration""},{""genres"":""Story Rich""},{""genres"":""Third Person""},{""genres"":""Magic""},{""genres"":""Action""},{""genres"":""Co-op""},{""genres"":""Atmospheric""},{""genres"":""Great Soundtrack""},{""genres"":""Action RPG""},{""genres"":""Singleplayer""},{""genres"":""Sandbox""},{""genres"":""Character Customization""}]","4 Apr, 2014",Zenimax Online Studios,Bethesda Softworks,"Join over 18 million players in the award-winning online multiplayer RPG and experience limitless adventure in a persistent Elder Scrolls world. Battle, craft, steal, or explore, and combine different types of equipment and abilities to create your own style of play. No game subscription required.",¥ 199,¥ 27
https://store.steampowered.com/app/1199030/Tainted_Grail_Conquest/?snr=1_7_7_globaltopsellers_150_2,Tainted Grail: Conquest,"[{""genres"":""Dark Fantasy""},{""genres"":""Deckbuilding""},{""genres"":""Story Rich""},{""genres"":""Card Game""},{""genres"":""Roguelike""},{""genres"":""RPG""},{""genres"":""Choices Matter""},{""genres"":""Base Building""},{""genres"":""Turn-Based""},{""genres"":""Singleplayer""},{""genres"":""Indie""},{""genres"":""CRPG""},{""genres"":""Board Game""},{""genres"":""Replay Value""},{""genres"":""Isometric""},{""genres"":""Roguelite""},{""genres"":""Card Battler""},{""genres"":""Turn-Based Combat""},{""genres"":""Action""},{""genres"":""Survival""}]","27 May, 2021",Awaken Realms Digital,Awaken Realms Digital,"A unique, infinitely replayable, story-driven hybrid between a deck-building Roguelike and an RPG game. Explore the ever-changing maps, fight with deadly enemies, and learn what happened to the cursed island of Avalon.",null,¥ 63
https://store.steampowered.com/app/376210/The_Isle/?snr=1_7_7_globaltopsellers_150_2,The Isle,"[{""genres"":""Dinosaurs""},{""genres"":""Survival""},{""genres"":""Open World""},{""genres"":""Multiplayer""},{""genres"":""Simulation""},{""genres"":""Hunting""},{""genres"":""Massively Multiplayer""},{""genres"":""Adventure""},{""genres"":""Early Access""},{""genres"":""Realistic""},{""genres"":""Action""},{""genres"":""Third Person""},{""genres"":""Co-op""},{""genres"":""Sandbox""},{""genres"":""Indie""},{""genres"":""Walking Simulator""},{""genres"":""Strategy""},{""genres"":""Team-Based""},{""genres"":""RPG""},{""genres"":""Horror""}]","1 Dec, 2015",Afterthought LLC,Afterthought LLC,Experience fierce open world survival gameplay as you attempt to stay alive on an unforgiving island inhabited by dinosaurs! Hunt. Grow. Survive.,null,¥ 51
https://store.steampowered.com/app/322330/Dont_Starve_Together/?snr=1_7_7_globaltopsellers_150_2,Don't Starve Together,"[{""genres"":""Survival""},{""genres"":""Open World Survival Craft""},{""genres"":""Multiplayer""},{""genres"":""Co-op""},{""genres"":""Open World""},{""genres"":""Adventure""},{""genres"":""Crafting""},{""genres"":""Online Co-Op""},{""genres"":""Sandbox""},{""genres"":""Difficult""},{""genres"":""Indie""},{""genres"":""2D""},{""genres"":""Funny""},{""genres"":""Atmospheric""},{""genres"":""Survival Horror""},{""genres"":""Strategy""},{""genres"":""Singleplayer""},{""genres"":""Horror""},{""genres"":""Action""},{""genres"":""Simulation""}]","21 Apr, 2016",Klei Entertainment,Klei Entertainment,"Fight, Farm, Build and Explore Together in the standalone multiplayer expansion to the uncompromising wilderness survival game, Don't Starve.",null,¥ 12
https://store.steampowered.com/app/1295510/DRAGON_QUEST_XI_S_Echoes_of_an_Elusive_Age__Definitive_Edition/?snr=1_7_7_globaltopsellers_150_1,DRAGON QUEST® XI S: Echoes of an Elusive Age™ - Definitive Edition,"[{""genres"":""JRPG""},{""genres"":""RPG""},{""genres"":""Turn-Based Combat""},{""genres"":""Party-Based RPG""},{""genres"":""Story Rich""},{""genres"":""Dragons""},{""genres"":""Funny""},{""genres"":""Adventure""},{""genres"":""3D""},{""genres"":""2D""},{""genres"":""Fantasy""},{""genres"":""Colorful""},{""genres"":""Singleplayer""},{""genres"":""Action""},{""genres"":""Third Person""},{""genres"":""Crafting""},{""genres"":""Character Customization""},{""genres"":""Anime""},{""genres"":""Open World""},{""genres"":""Cartoony""},{""genres"":""RPG""},{""genres"":""Action""},{""genres"":""Open World""},{""genres"":""Singleplayer""},{""genres"":""Adventure""},{""genres"":""Story Rich""},{""genres"":""Third Person""}]","4 Dec, 2020",Square Enix,Square Enix,"The Definitive Edition includes the critically acclaimed DRAGON QUEST XI, plus additional scenarios, orchestral soundtrack, 2D mode and more! Whether you are a longtime fan or a new adventurer, this is the ultimate DQXI experience.",null,¥ 184
https://store.steampowered.com/app/784080/MechWarrior_5_Mercenaries/?snr=1_7_7_globaltopsellers_150_1,MechWarrior 5: Mercenaries,"[{""genres"":""Mechs""},{""genres"":""Simulation""},{""genres"":""FPS""},{""genres"":""Action""},{""genres"":""Shooter""},{""genres"":""Vehicular Combat""},{""genres"":""First-Person""},{""genres"":""Co-op""},{""genres"":""Destruction""},{""genres"":""Moddable""},{""genres"":""3D""},{""genres"":""Combat""},{""genres"":""Online Co-Op""},{""genres"":""Singleplayer""},{""genres"":""Futuristic""},{""genres"":""Tutorial""},{""genres"":""Economy""},{""genres"":""Management""},{""genres"":""PvE""},{""genres"":""Resource Management""}]","26 May, 2021",Piranha Games Inc.,null,The year is 3015. The battlefields are dominated by war machines known as BattleMechs. Level entire cities and decimate the enemy in your BattleMech. Follow a quest for glory and revenge. Manage an expanding mercenary company. Fight alongside your friends with a four-player PvE co-op.,¥ 90,Your Price:¥ 163.80
https://store.steampowered.com/app/594650/Hunt_Showdown/?snr=1_7_7_globaltopsellers_150_2,Hunt: Showdown,"[{""genres"":""Multiplayer""},{""genres"":""Hunting""},{""genres"":""Online Co-Op""},{""genres"":""Horror""},{""genres"":""Shooter""},{""genres"":""FPS""},{""genres"":""Survival""},{""genres"":""PvP""},{""genres"":""Zombies""},{""genres"":""Western""},{""genres"":""Survival Horror""},{""genres"":""Action""},{""genres"":""Open World""},{""genres"":""Perma Death""},{""genres"":""First-Person""},{""genres"":""Team-Based""},{""genres"":""Violent""},{""genres"":""Gore""},{""genres"":""Battle Royale""},{""genres"":""Co-op""}]","27 Aug, 2019",Crytek,Crytek,"Hunt: Showdown is a thrilling, high-stakes PvPvE first-person shooter. Take down nightmarish monsters, as you compete for the bounties that will bring you glory, gear, and gold in this unforgiving – and unforgettable - online multiplayer experience.",null,¥ 74
https://store.steampowered.com/app/435150/Divinity_Original_Sin_2__Definitive_Edition/?snr=1_7_7_globaltopsellers_150_1,Divinity: Original Sin 2 - Definitive Edition,"[{""genres"":""Exploration""},{""genres"":""Tactical RPG""},{""genres"":""CRPG""},{""genres"":""PvP""},{""genres"":""Story Rich""},{""genres"":""Fantasy""},{""genres"":""Turn-Based Strategy""},{""genres"":""Strategy RPG""},{""genres"":""Party-Based RPG""},{""genres"":""RPG""},{""genres"":""Character Customization""},{""genres"":""Female Protagonist""},{""genres"":""Co-op Campaign""},{""genres"":""Local Co-Op""},{""genres"":""Romance""},{""genres"":""Funny""},{""genres"":""Moddable""},{""genres"":""Isometric""},{""genres"":""Strategy""},{""genres"":""3D""}]","14 Sep, 2017",Larian Studios,Larian Studios,"The critically acclaimed RPG that raised the bar, from the creators of Baldur's Gate 3. Gather your party. Master deep, tactical combat. Venture as a party of up to four - but know that only one of you will have the chance to become a God.",null,¥ 53
https://store.steampowered.com/app/1497950/EARTH_DEFENSE_FORCE_WORLD_BROTHERS/?snr=1_7_7_globaltopsellers_150_2,EARTH DEFENSE FORCE: WORLD BROTHERS,"[{""genres"":""Action""},{""genres"":""Shooter""},{""genres"":""Third-Person Shooter""},{""genres"":""3D""},{""genres"":""Cute""},{""genres"":""Voxel""},{""genres"":""Sci-fi""},{""genres"":""Co-op""},{""genres"":""Online Co-Op""},{""genres"":""Multiplayer""},{""genres"":""Singleplayer""},{""genres"":""Aliens""}]","27 May, 2021",YUKE'S,null,"A new EDF adventure begins! Only this time, the action unfolds in a parallel world where the Earth is made of digital blocks. This world has befallen into chaos, as the once peaceful square Earth has been shattered into pieces. Shape aside, it is an Earth nonetheless which needs to be defended.",null,¥ 239
https://store.steampowered.com/app/870780/Control_Ultimate_Edition/?snr=1_7_7_globaltopsellers_150_2,Control Ultimate Edition,"[{""genres"":""Action""},{""genres"":""Adventure""},{""genres"":""Female Protagonist""},{""genres"":""Supernatural""},{""genres"":""Third Person""},{""genres"":""Sci-fi""},{""genres"":""Story Rich""},{""genres"":""Atmospheric""},{""genres"":""Horror""},{""genres"":""Third-Person Shooter""},{""genres"":""Singleplayer""},{""genres"":""Surreal""},{""genres"":""Psychological Horror""},{""genres"":""Metroidvania""},{""genres"":""Shooter""},{""genres"":""Open World""},{""genres"":""Violent""},{""genres"":""Epic""},{""genres"":""Difficult""},{""genres"":""Souls-like""}]","27 Aug, 2020",Remedy Entertainment,505 Games,"Winner of over 80 awards, Control is a visually stunning third-person action-adventure that will keep you on the edge of your seat.",null,¥ 79
https://store.steampowered.com/app/440900/Conan_Exiles/?snr=1_7_7_globaltopsellers_150_1,Conan Exiles,"[{""genres"":""Survival""},{""genres"":""Open World""},{""genres"":""Building""},{""genres"":""Nudity""},{""genres"":""Crafting""},{""genres"":""Open World Survival Craft""},{""genres"":""Multiplayer""},{""genres"":""RPG""},{""genres"":""Sandbox""},{""genres"":""Massively Multiplayer""},{""genres"":""Action""},{""genres"":""Adventure""},{""genres"":""Online Co-Op""},{""genres"":""Exploration""},{""genres"":""Violent""},{""genres"":""Singleplayer""},{""genres"":""Co-op""},{""genres"":""Fantasy""},{""genres"":""PvP""},{""genres"":""Gore""}]","8 May, 2018",Funcom,Funcom,"An online multiplayer survival game, now with mounts and mounted combat, set in the lands of Conan the Barbarian. Survive in a vast open world sandbox, build a home and kingdom, dominate your enemies in single or multiplayer.",null,¥ 38
https://store.steampowered.com/app/431960/Wallpaper_Engine/?snr=1_7_7_globaltopsellers_150_2,Wallpaper Engine,"[{""genres"":""Mature""},{""genres"":""Utilities""},{""genres"":""Software""},{""genres"":""Anime""},{""genres"":""Design & Illustration""},{""genres"":""Animation & Modeling""},{""genres"":""Casual""},{""genres"":""Memes""},{""genres"":""Indie""},{""genres"":""Early Access""},{""genres"":""Cute""},{""genres"":""Funny""},{""genres"":""Action""},{""genres"":""Singleplayer""},{""genres"":""Music""},{""genres"":""NSFW""},{""genres"":""Sandbox""},{""genres"":""Photo Editing""},{""genres"":""Game Development""},{""genres"":""Horror""}]",Nov-18,Wallpaper Engine Team,Wallpaper Engine Team,Use stunning live wallpapers on your desktop. Animate your own images to create new wallpapers or import videos/websites and share them on the Steam Workshop!,¥ 19,null
https://store.steampowered.com/app/1259420/Days_Gone/?snr=1_7_7_globaltopsellers_150_1,Days Gone,"[{""genres"":""Open World""},{""genres"":""Post-apocalyptic""},{""genres"":""Zombies""},{""genres"":""Singleplayer""},{""genres"":""Action""},{""genres"":""Survival""},{""genres"":""Action-Adventure""},{""genres"":""Adventure""},{""genres"":""Third Person""},{""genres"":""Motorbike""},{""genres"":""Horror""},{""genres"":""Multiplayer""},{""genres"":""Survival Horror""},{""genres"":""Open World Survival Craft""},{""genres"":""Crafting""},{""genres"":""Cinematic""},{""genres"":""Third-Person Shooter""},{""genres"":""Gore""},{""genres"":""Violent""},{""genres"":""Story Rich""}]","17 May, 2021",Bend Studio,null,"Ride and fight into a deadly, post pandemic America. Play as Deacon St. John, a drifter and bounty hunter who rides the broken road, fighting to survive while searching for a reason to live in this open-world action-adventure game.",¥ 279,null
https://store.steampowered.com/app/346110/ARK_Survival_Evolved/?snr=1_7_7_globaltopsellers_150_1,ARK: Survival Evolved,"[{""genres"":""Open World Survival Craft""},{""genres"":""Survival""},{""genres"":""Open World""},{""genres"":""Multiplayer""},{""genres"":""Dinosaurs""},{""genres"":""Crafting""},{""genres"":""Building""},{""genres"":""Adventure""},{""genres"":""Base Building""},{""genres"":""Co-op""},{""genres"":""Action""},{""genres"":""First-Person""},{""genres"":""Sandbox""},{""genres"":""Massively Multiplayer""},{""genres"":""Singleplayer""},{""genres"":""Early Access""},{""genres"":""RPG""},{""genres"":""Dragons""},{""genres"":""Sci-fi""},{""genres"":""Indie""}]","27 Aug, 2017",Studio Wildcard,Studio Wildcard,"Stranded on the shores of a mysterious island, you must learn to survive. Use your cunning to kill or tame the primeval creatures roaming the land, and encounter other players to survive, dominate... and escape!",null,¥ 27
https://store.steampowered.com/app/349040/NARUTO_SHIPPUDEN_Ultimate_Ninja_STORM_4/?snr=1_7_7_globaltopsellers_150_2,NARUTO SHIPPUDEN: Ultimate Ninja STORM 4,"[{""genres"":""Anime""},{""genres"":""Fighting""},{""genres"":""Action""},{""genres"":""Ninja""},{""genres"":""Multiplayer""},{""genres"":""Adventure""},{""genres"":""Story Rich""},{""genres"":""Singleplayer""},{""genres"":""Local Multiplayer""},{""genres"":""Third Person""},{""genres"":""Great Soundtrack""},{""genres"":""Fantasy""},{""genres"":""Open World""},{""genres"":""Atmospheric""},{""genres"":""Online Co-Op""},{""genres"":""Co-op""},{""genres"":""Beat 'em up""},{""genres"":""Local Co-Op""},{""genres"":""Memes""},{""genres"":""Heist""}]","4 Feb, 2016",CyberConnect2 Co. Ltd.,BANDAI NAMCO Entertainment,The latest opus in the acclaimed STORM series is taking you on a colourful and breathtaking ride. Take advantage of the totally revamped battle system and prepare to dive into the most epic fights you’ve ever seen !,null,¥ 38
https://store.steampowered.com/app/1174180/Red_Dead_Redemption_2/?snr=1_7_7_globaltopsellers_150_1,Red Dead Redemption 2,"[{""genres"":""Open World""},{""genres"":""Adventure""},{""genres"":""Story Rich""},{""genres"":""Western""},{""genres"":""Action""},{""genres"":""Multiplayer""},{""genres"":""Shooter""},{""genres"":""Realistic""},{""genres"":""Third-Person Shooter""},{""genres"":""Singleplayer""},{""genres"":""Atmospheric""},{""genres"":""Horses""},{""genres"":""Beautiful""},{""genres"":""Great Soundtrack""},{""genres"":""Third Person""},{""genres"":""Sandbox""},{""genres"":""Mature""},{""genres"":""First-Person""},{""genres"":""Gore""},{""genres"":""FPS""}]","5 Dec, 2019",Rockstar Games,Rockstar Games,"Winner of over 175 Game of the Year Awards and recipient of over 250 perfect scores, RDR2 is the epic tale of outlaw Arthur Morgan and the infamous Van der Linde gang, on the run across America at the dawn of the modern age. Also includes access to the shared living world of Red Dead Online.",null,¥ 166.83
https://store.steampowered.com/app/578080/PLAYERUNKNOWNS_BATTLEGROUNDS/?snr=1_7_7_globaltopsellers_150_2,PLAYERUNKNOWN'S BATTLEGROUNDS,"[{""genres"":""Survival""},{""genres"":""Shooter""},{""genres"":""Multiplayer""},{""genres"":""Battle Royale""},{""genres"":""FPS""},{""genres"":""PvP""},{""genres"":""Third-Person Shooter""},{""genres"":""Action""},{""genres"":""Online Co-Op""},{""genres"":""Tactical""},{""genres"":""Co-op""},{""genres"":""First-Person""},{""genres"":""Strategy""},{""genres"":""Early Access""},{""genres"":""Competitive""},{""genres"":""Third Person""},{""genres"":""Team-Based""},{""genres"":""Difficult""},{""genres"":""Simulation""},{""genres"":""Stealth""}]","21 Dec, 2017","KRAFTON, Inc.","KRAFTON, Inc.",PLAYERUNKNOWN'S BATTLEGROUNDS is a battle royale shooter that pits 100 players against each other in a struggle for survival. Gather supplies and outwit your opponents to become the last person standing.,¥ 98,null
https://store.steampowered.com/app/1086940/Baldurs_Gate_3/?snr=1_7_7_globaltopsellers_150_2,Baldur's Gate 3,"[{""genres"":""Early Access""},{""genres"":""RPG""},{""genres"":""Dungeons & Dragons""},{""genres"":""Choices Matter""},{""genres"":""Turn-Based""},{""genres"":""Story Rich""},{""genres"":""Character Customization""},{""genres"":""Party-Based RPG""},{""genres"":""CRPG""},{""genres"":""Co-op Campaign""},{""genres"":""Fantasy""},{""genres"":""Romance""},{""genres"":""Class-Based""},{""genres"":""Dark Fantasy""},{""genres"":""PvE""},{""genres"":""Narration""},{""genres"":""Stealth""},{""genres"":""Crafting""},{""genres"":""Combat""},{""genres"":""Dragons""}]","6 Oct, 2020",Larian Studios,Larian Studios,"Gather your party, and return to the Forgotten Realms in a tale of fellowship and betrayal, sacrifice and survival, and the lure of absolute power.",¥ 298,null
https://store.steampowered.com/app/107410/Arma_3/?snr=1_7_7_globaltopsellers_150_2,Arma 3,"[{""genres"":""Action""},{""genres"":""Multiplayer""},{""genres"":""Military""},{""genres"":""Simulation""},{""genres"":""Shooter""},{""genres"":""First-Person""},{""genres"":""Realistic""},{""genres"":""Open World""},{""genres"":""Tactical""},{""genres"":""FPS""},{""genres"":""War""},{""genres"":""Co-op""},{""genres"":""Strategy""},{""genres"":""Sandbox""},{""genres"":""Moddable""},{""genres"":""Combat""},{""genres"":""Online Co-Op""},{""genres"":""Singleplayer""},{""genres"":""Team-Based""},{""genres"":""Third-Person Shooter""}]","12 Sep, 2013",Bohemia Interactive,Bohemia Interactive,"Experience true combat gameplay in a massive military sandbox. Deploying a wide variety of single- and multiplayer content, over 20 vehicles and 40 weapons, and limitless opportunities for content creation, this is the PC’s premier military game. Authentic, diverse, open - Arma 3 sends you to war.",null,¥ 29
https://store.steampowered.com/app/1113410/ARK_Genesis_Season_Pass/?snr=1_7_7_globaltopsellers_150_2,ARK: Genesis Season Pass,"[{""genres"":""Adventure""},{""genres"":""Massively Multiplayer""},{""genres"":""Action""},{""genres"":""RPG""},{""genres"":""Survival""},{""genres"":""Indie""},{""genres"":""Open World""},{""genres"":""Dinosaurs""},{""genres"":""Multiplayer""},{""genres"":""Violent""},{""genres"":""Base Building""},{""genres"":""Crafting""},{""genres"":""Singleplayer""},{""genres"":""Sandbox""},{""genres"":""Building""},{""genres"":""Sci-fi""},{""genres"":""Open World Survival Craft""},{""genres"":""Dragons""},{""genres"":""Co-op""}]","8 Aug, 2019",Studio Wildcard,Snail Games USA,null,null,¥ 87
https://store.steampowered.com/app/753640/Outer_Wilds/?snr=1_7_7_globaltopsellers_150_2,Outer Wilds,"[{""genres"":""Exploration""},{""genres"":""Space""},{""genres"":""Mystery""},{""genres"":""Adventure""},{""genres"":""Story Rich""},{""genres"":""Puzzle""},{""genres"":""Atmospheric""},{""genres"":""Great Soundtrack""},{""genres"":""Singleplayer""},{""genres"":""Indie""},{""genres"":""Open World""},{""genres"":""Sci-fi""},{""genres"":""First-Person""},{""genres"":""Beautiful""},{""genres"":""Simulation""},{""genres"":""Action""},{""genres"":""Epic""},{""genres"":""Horror""},{""genres"":""3D""},{""genres"":""Psychological Horror""}]","18 Jun, 2020",Mobius Digital,Annapurna Interactive,"Named Game of the Year 2019 by Giant Bomb, Polygon, Eurogamer, and The Guardian, Outer Wilds is a critically-acclaimed and award-winning open world mystery about a solar system trapped in an endless time loop.",null,¥ 48
https://store.steampowered.com/app/108600/Project_Zomboid/?snr=1_7_7_globaltopsellers_150_2,Project Zomboid,"[{""genres"":""Survival""},{""genres"":""Zombies""},{""genres"":""Open World""},{""genres"":""Open World Survival Craft""},{""genres"":""Sandbox""},{""genres"":""Multiplayer""},{""genres"":""Post-apocalyptic""},{""genres"":""Indie""},{""genres"":""Crafting""},{""genres"":""Simulation""},{""genres"":""Co-op""},{""genres"":""RPG""},{""genres"":""Building""},{""genres"":""Survival Horror""},{""genres"":""Early Access""},{""genres"":""Isometric""},{""genres"":""Realistic""},{""genres"":""Singleplayer""},{""genres"":""2D""},{""genres"":""Adventure""}]","8 Nov, 2013",The Indie Stone,The Indie Stone,"Project Zomboid is the ultimate in zombie survival. Alone or in MP: you loot, build, craft, fight, farm and fish in a struggle to survive. A hardcore RPG skillset, a vast map, a massively customisable sandbox and a cute tutorial raccoon await the unwary. So how will you die? All it takes is a bite…",null,¥ 32
https://store.steampowered.com/app/393380/Squad/?snr=1_7_7_globaltopsellers_150_1,Squad,"[{""genres"":""Military""},{""genres"":""FPS""},{""genres"":""Realistic""},{""genres"":""Multiplayer""},{""genres"":""Tactical""},{""genres"":""Shooter""},{""genres"":""War""},{""genres"":""Team-Based""},{""genres"":""Action""},{""genres"":""First-Person""},{""genres"":""Strategy""},{""genres"":""Simulation""},{""genres"":""Open World""},{""genres"":""Early Access""},{""genres"":""Co-op""},{""genres"":""Massively Multiplayer""},{""genres"":""Atmospheric""},{""genres"":""Walking Simulator""},{""genres"":""Indie""},{""genres"":""Singleplayer""}]","23 Sep, 2020",Offworld Industries,Offworld Industries,"Squad is a tactical FPS that provides authentic combat experiences through teamwork, constant communication, and gameplay. It bridges the large gap between arcade shooter and military simulation with 100 player battles, combined arms combat, base building, and a great integrated VoIP system",null,¥ 111
https://store.steampowered.com/app/239140/Dying_Light/?snr=1_7_7_globaltopsellers_150_1,Dying Light,"[{""genres"":""Zombies""},{""genres"":""Survival Horror""},{""genres"":""Horror""},{""genres"":""Online Co-Op""},{""genres"":""Open World""},{""genres"":""Parkour""},{""genres"":""First-Person""},{""genres"":""Open World Survival Craft""},{""genres"":""Survival""},{""genres"":""Action""},{""genres"":""FPS""},{""genres"":""Gore""},{""genres"":""PvP""},{""genres"":""PvE""},{""genres"":""Stealth""},{""genres"":""Post-apocalyptic""},{""genres"":""Story Rich""},{""genres"":""Hack and Slash""},{""genres"":""Action RPG""},{""genres"":""RPG""}]","26 Jan, 2015",Techland,Techland Publishing,"First-person action survival game set in a post-apocalyptic open world overrun by flesh-hungry zombies. Roam a city devastated by a mysterious virus epidemic. Scavenge for supplies, craft weapons, and face hordes of the infected.",null,¥ 43
https://store.steampowered.com/app/397540/Borderlands_3/?snr=1_7_7_globaltopsellers_150_1,Borderlands 3,"[{""genres"":""RPG""},{""genres"":""Action""},{""genres"":""FPS""},{""genres"":""Looter Shooter""},{""genres"":""Online Co-Op""},{""genres"":""Open World""},{""genres"":""Multiplayer""},{""genres"":""Shooter""},{""genres"":""Co-op""},{""genres"":""Loot""},{""genres"":""Co-op Campaign""},{""genres"":""Singleplayer""},{""genres"":""Gore""},{""genres"":""Violent""},{""genres"":""First-Person""},{""genres"":""Adventure""},{""genres"":""Nudity""},{""genres"":""Great Soundtrack""},{""genres"":""Epic""},{""genres"":""Comedy""}]","13 Mar, 2020",Gearbox Software,2K,"The original shooter-looter returns, packing bazillions of guns and a mayhem-fueled adventure! Blast through new worlds and enemies as one of four new Vault Hunters.",null,¥ 65
https://store.steampowered.com/app/1301210/Knockout_City/?snr=1_7_7_globaltopsellers_150_1,Knockout City™,"[{""genres"":""Multiplayer""},{""genres"":""Sports""},{""genres"":""Team-Based""},{""genres"":""Competitive""},{""genres"":""Action-Adventure""},{""genres"":""Third Person""},{""genres"":""Action""},{""genres"":""PvP""},{""genres"":""Physics""},{""genres"":""Indie""},{""genres"":""Fighting""},{""genres"":""Adventure""},{""genres"":""Fast-Paced""},{""genres"":""Roguelite""},{""genres"":""Free to Play""},{""genres"":""Action Roguelike""}]","21 May, 2021",Velan Studios,null,"Team up and duke it out with rival Crews in Knockout City™, where EPIC DODGEBALL BATTLES settle the score in team-based multiplayer matches. Throw, catch, pass, dodge, and tackle your way to dodgeball dominance!",¥ 118,null
https://store.steampowered.com/app/261550/Mount__Blade_II_Bannerlord/?snr=1_7_7_globaltopsellers_150_2,Mount & Blade II: Bannerlord,"[{""genres"":""Medieval""},{""genres"":""Strategy""},{""genres"":""Open World""},{""genres"":""RPG""},{""genres"":""War""},{""genres"":""Multiplayer""},{""genres"":""Sandbox""},{""genres"":""Action""},{""genres"":""Singleplayer""},{""genres"":""Simulation""},{""genres"":""Moddable""},{""genres"":""Character Customization""},{""genres"":""Adventure""},{""genres"":""Horses""},{""genres"":""Third Person""},{""genres"":""Realistic""},{""genres"":""First-Person""},{""genres"":""Historical""},{""genres"":""Great Soundtrack""},{""genres"":""Early Access""}]","30 Mar, 2020",TaleWorlds Entertainment,TaleWorlds Entertainment,"The horns sound, the ravens gather. An empire is torn by civil war. Beyond its borders, new kingdoms rise. Gird on your sword, don your armour, summon your followers and ride forth to win glory on the battlefields of Calradia. Establish your hegemony and create a new world out of the ashes of the old.",null,¥ 223
https://store.steampowered.com/app/221100/DayZ/?snr=1_7_7_globaltopsellers_150_1,DayZ,"[{""genres"":""Survival""},{""genres"":""Zombies""},{""genres"":""Multiplayer""},{""genres"":""Open World""},{""genres"":""Action""},{""genres"":""PvP""},{""genres"":""Shooter""},{""genres"":""Massively Multiplayer""},{""genres"":""Horror""},{""genres"":""Simulation""},{""genres"":""Early Access""},{""genres"":""Post-apocalyptic""},{""genres"":""FPS""},{""genres"":""First-Person""},{""genres"":""Survival Horror""},{""genres"":""Sandbox""},{""genres"":""Adventure""},{""genres"":""Co-op""},{""genres"":""Indie""},{""genres"":""Atmospheric""}]","13 Dec, 2018",Bohemia Interactive,Bohemia Interactive,"How long can you survive a post-apocalyptic world? A land overrun with an infected ""zombie"" population, where you compete with other survivors for limited resources. Will you team up with strangers and stay strong together? Or play as a lone wolf to avoid betrayal? This is DayZ – this is your story.",null,¥ 119
https://store.steampowered.com/app/1151640/Horizon_Zero_Dawn_Complete_Edition/?snr=1_7_7_globaltopsellers_150_2,Horizon Zero Dawn™ Complete Edition,"[{""genres"":""Open World""},{""genres"":""Adventure""},{""genres"":""Female Protagonist""},{""genres"":""Action""},{""genres"":""RPG""},{""genres"":""Singleplayer""},{""genres"":""Story Rich""},{""genres"":""Post-apocalyptic""},{""genres"":""Robots""},{""genres"":""Sci-fi""},{""genres"":""Exploration""},{""genres"":""Third Person""},{""genres"":""Beautiful""},{""genres"":""Atmospheric""},{""genres"":""Great Soundtrack""},{""genres"":""Action RPG""},{""genres"":""Archery""},{""genres"":""Hunting""},{""genres"":""Dinosaurs""},{""genres"":""Stealth""}]","7 Aug, 2020",Guerrilla,"PlayStation Mobile, Inc.",Experience Aloy’s legendary quest to unravel the mysteries of a future Earth ruled by Machines. Use devastating tactical attacks against your prey and explore a majestic open world in this award-winning action RPG!,¥ 279,null
https://store.steampowered.com/app/632470/Disco_Elysium__The_Final_Cut/?snr=1_7_7_globaltopsellers_150_2,Disco Elysium - The Final Cut,"[{""genres"":""RPG""},{""genres"":""Story Rich""},{""genres"":""Choices Matter""},{""genres"":""Detective""},{""genres"":""Isometric""},{""genres"":""Atmospheric""},{""genres"":""CRPG""},{""genres"":""Singleplayer""},{""genres"":""Great Soundtrack""},{""genres"":""Noir""},{""genres"":""Character Customization""},{""genres"":""Open World""},{""genres"":""Surreal""},{""genres"":""Adventure""},{""genres"":""Indie""},{""genres"":""Exploration""},{""genres"":""Funny""},{""genres"":""Point & Click""},{""genres"":""Sexual Content""},{""genres"":""Fantasy""}]","15 Oct, 2019",ZA/UM,ZA/UM,"Disco Elysium - The Final Cut is a groundbreaking role playing game. You’re a detective with a unique skill system at your disposal and a whole city to carve your path across. Interrogate unforgettable characters, crack murders or take bribes. Become a hero or an absolute disaster of a human being.",null,¥ 87
